from,to,jumps_fwd,jumps_rev,fwd_fraction,fwd_fraction_lo,fwd_fraction_hi,boot_same_direction
Gastric-like,High plasticity,1138.7669329749365,975.1180416812648,0.5387080880122834,0.41035414989305324,0.618032112279444,0.6041666666666666
AT1-like,AT2-like,900.100774366233,835.3007361546552,0.5186700420100844,3.8372730420233035e-06,0.5651627187975976,0.6458333333333334
Early gastric,AT1-like,686.4966791214887,38.186796527569705,0.9473055508912108,0.5462864021888804,0.9958804757165077,0.9791666666666666
Early EMT-1,Pre-EMT,449.1511571151693,322.95824165569815,0.581719582523124,0.4090090546282165,0.6118266287470971,0.9166666666666666
Late Gastric,Endoderm-like,293.4533305878584,164.5142146053141,0.640773202529185,0.5001135108211257,0.9999777056286336,0.9791666666666666
AT2-like,High plasticity,145.7696625094948,53.86347856268116,0.7301876919163076,0.12973855048212768,0.9738640312167259,0.7708333333333334
AT1-like,High plasticity,132.83254826364532,115.25647104387188,0.5354229245390081,0.0905724006968742,0.9974181302153879,0.7083333333333334
Gastric-like,AT1-like,123.79808156204494,0.0062815288783193,0.9999492624595653,0.3525060444593861,0.9999938203891346,0.9166666666666666
Early gastric,High plasticity,115.20677515419484,111.27571503681058,0.5086785078044421,0.23433421979213165,0.9999858895241799,0.7291666666666666
Endoderm-like,High plasticity,100.82099732715206,32.26989453166403,0.7575349140653727,0.04161487677552819,0.9989825538956572,0.7916666666666666
Early EMT-1,Early EMT-2,87.05711413499839,52.25469906866044,0.6249083414608227,0.0010034096683396068,0.6846797972935404,0.6458333333333334
Mesenchymal-2,Mesenchymal-1,85.66658290448648,14.918351182231527,0.8516840387908405,0.49333806158979665,0.940767265497589,0.9375
Gastric-like,Early EMT-1,57.1940302706902,0.6065580436458579,0.9895060230123054,0.0023376692346684506,0.9999763821416887,0.7083333333333334
