K,rep,bl_model,delta,excluded,heldout_ll,heldout_ll_no_tree,train_ll,full_ll,BIC,n_params
2,0,mut,0.5,,-74294.64041801743,-78053.45445837022,-298239.69012129464,-372527.33847205795,745496.4135982655,43.0
2,1,mut,0.5,,-74238.50132919778,-77998.22746738301,-298295.15869800013,,,
2,2,mut,0.5,,-75047.64661556786,-78825.20256414171,-297505.93070055,,,
3,0,mut,0.5,,-69401.13508232681,-74960.88161458499,-278594.7274074833,-347989.59150765877,696677.7433056006,68.0
3,1,mut,0.5,,-69248.74339584899,-74802.03435087147,-278759.43324339605,,,
3,2,mut,0.5,,-70038.58043043711,-75659.00977754527,-277958.13070406107,,,
4,0,mut,0.5,,-66481.83677895217,-72458.04591715205,-266714.671621687,-333150.3811136664,667276.69204464,95.0
4,1,mut,0.5,,-66238.68712331029,-72293.25859151753,-266954.0127039768,,,
4,2,mut,0.5,,-67056.2359669068,-73209.71649794622,-266132.38029548834,,,
5,0,mut,0.5,,-65234.00152455931,-71787.5209913768,-261990.5289485321,-327201.0628982676,655675.9710317571,124.0
5,1,mut,0.5,,-65007.29461124602,-71627.9138050791,-262217.193030657,,,
5,2,mut,0.5,,-65158.0525937456,-72172.06115343323,-258828.2795298286,,,
6,0,mut,0.5,,-64470.359934557186,-71185.08427798685,-259019.18545835002,-323460.3308093877,648512.9681628029,155.0
6,1,mut,0.5,,-64277.88909870729,-71090.55639559457,-259207.03876590705,,,
6,2,mut,0.5,,-64465.702530543625,-71859.99170284692,-255814.73536420232,,,
7,0,mut,0.5,,-62902.259538623155,-70361.90870919543,-252358.16082820046,-314236.7563248607,630404.8263934449,188.0
7,1,mut,0.5,,-62718.402846683275,-70198.62014557893,-252564.61670369076,,,
7,2,mut,0.5,,-63387.30874447168,-70871.68659554972,-252261.4663639514,,,
8,0,mut,0.5,,-62147.89826822956,-69711.69274800894,-249786.0344027036,-311895.64623095596,626082.1592962224,223.0
8,1,mut,0.5,,-62025.14643106221,-69557.98633753543,-250564.42098874203,,,
8,2,mut,0.5,,-62622.48631220537,-70291.07287916186,-249309.4157239883,,,
9,0,mut,0.5,,-61558.158686410985,-68973.61927575174,-247278.52665016157,-309057.62431262445,620786.2144410368,260.0
9,1,mut,0.5,,-60656.815530352826,-68849.41005129753,-244646.8008084108,,,
9,2,mut,0.5,,-61531.10743944729,-69879.02438697872,-244267.40183125806,,,
10,0,mut,0.5,,-60952.37255083744,-68726.96204845428,-244721.42154560526,-300436.14697117824,603943.9046305126,299.0
10,1,mut,0.5,,-60429.00635981239,-68625.8231912647,-242957.5461924876,,,
10,2,mut,0.5,,-60510.46014947717,-69201.15838476118,-240021.1644899825,,,
11,0,mut,0.5,,-59499.63112460147,-68081.70358415182,-239204.5562780734,-300715.90707260865,604924.6155966324,340.0
11,1,mut,0.5,,-59182.065509119035,-67892.9749883969,-238717.73837317553,,,
11,2,mut,0.5,,-60436.95280546007,-68793.59448602432,-240085.65961801878,,,
12,0,mut,0.5,,-58628.39078093326,-67618.97375886112,-235620.94164347672,-295438.04778964684,594810.6336848582,383.0
12,1,mut,0.5,,-59284.71042203491,-67661.24566464536,-238687.83453115306,,,
12,2,mut,0.5,,-59260.49806992321,-68343.11349383071,-235117.26352381756,,,
13,0,mut,0.5,,-58127.74545691978,-67131.00127039535,-233498.3231783072,-293861.7182120844,592120.2570747735,428.0
13,1,mut,0.5,,-58331.37384161451,-67016.20222239582,-234981.72287346303,,,
13,2,mut,0.5,,-58975.559467201885,-67834.66799755198,-234013.31919229127,,,
14,0,mut,0.5,,-58104.75727675505,-66821.49818487234,-233346.1657766598,-288964.9040106532,582809.4571078421,475.0
14,1,mut,0.5,,-57292.565558799375,-66563.10842346345,-231552.80310333136,,,
14,2,mut,0.5,,-58229.54770741601,-67356.74430698463,-230850.22270737894,,,
6,0,mut,0.1,,-64559.97061145412,-71181.5486814052,-259342.14386019635,-323871.7890631589,649335.8846703452,155.0
6,1,mut,0.1,,-64373.637438223486,-71092.30748325353,-259564.10575459024,,,
6,2,mut,0.1,,-64642.71799454739,-71855.62943186388,-256328.34778755877,,,
6,0,mut,0.25,,-64520.65107590111,-71184.09835874804,-259186.78747947048,-323678.7859545871,648949.8784532016,155.0
6,1,mut,0.25,,-64325.39091600629,-71092.32060193257,-259385.3662759467,,,
6,2,mut,0.25,,-64520.508155943535,-71860.62499668924,-256000.27823257592,,,
6,0,mut,1.0,,-64619.833962639685,-71300.3649146285,-259600.12025404724,-323281.5753860831,648155.4573161936,155.0
6,1,mut,1.0,,-64240.83933923789,-71089.8031464663,-259069.79874351335,,,
6,2,mut,1.0,,-64424.09093530961,-71858.6854165317,-255664.98678657782,,,
6,0,mut,2.0,,-64582.929564194565,-70934.67496058915,-259587.27569021343,-323145.537896648,647883.3823373234,155.0
6,1,mut,2.0,,-64213.921601784445,-71088.99343635613,-258970.3437103005,,,
6,2,mut,2.0,,-64385.86266706569,-71859.02709644714,-255533.91932359527,,,
6,0,unit,0.0,,-64494.92276029521,-70933.97692856085,-259269.67529339928,-322818.26363231224,647228.8338086519,155.0
6,1,unit,0.0,,-64156.901365067744,-71093.85954262073,-258702.75696995275,,,
6,2,unit,0.0,,-64294.02679203705,-71860.33516160584,-255286.23158523784,,,
8,0,mut,0.1,,-62142.258076977545,-69679.92008489836,-249821.00807589636,-313171.7070268511,628634.2808880126,223.0
8,1,mut,0.1,,-62113.0243552276,-69900.31038344964,-250613.03932462196,,,
8,2,mut,0.1,,-62746.543372033695,-70354.67244333352,-249663.7074404146,,,
8,0,mut,0.25,,-62138.28880603935,-69578.93482931299,-249740.72478657824,-312077.26848938764,626445.4038130858,223.0
8,1,mut,0.25,,-62103.556846003834,-69584.98695394669,-250772.21578994824,,,
8,2,mut,0.25,,-62679.89523000635,-70322.33242338499,-249465.98763360863,,,
8,0,mut,1.0,,-62103.49462831415,-69685.21629639984,-249658.55321365397,-311735.39487549744,625761.6565853053,223.0
8,1,mut,1.0,,-61945.748491349805,-69533.83727404948,-250415.07235871776,,,
8,2,mut,1.0,,-62577.409572877,-70270.78685749855,-249184.96811526056,,,
8,0,mut,2.0,,-62087.64547835886,-69673.18488306756,-249572.20204284383,-311622.9905791752,625536.8479926608,223.0
8,1,mut,2.0,,-61912.078300312765,-69526.64916110394,-250315.50577807857,,,
8,2,mut,2.0,,-62550.95084834859,-70262.3224654827,-249103.9981139754,,,
8,0,unit,0.0,,-62022.450285465304,-69634.08104466276,-249469.28414468406,-311443.08034648496,625177.0275272804,223.0
8,1,unit,0.0,,-61844.41485643921,-69553.0234024545,-249680.39833843615,,,
8,2,unit,0.0,,-62535.67580367729,-70262.13041857837,-248942.35954833459,,,
10,0,mut,0.1,,-61021.1472429728,-68723.92204550398,-245017.3273254776,-302098.61122414516,607268.8331364464,299.0
10,1,mut,0.1,,-60522.12875840773,-68586.88076170962,-243443.50837885492,,,
10,2,mut,0.1,,-60810.750333578326,-69332.58106143743,-241338.10049339975,,,
10,0,mut,0.25,,-60985.7229149524,-68723.77566906101,-244871.1922214941,-300759.9808878088,604591.5724637737,299.0
10,1,mut,0.25,,-60472.852110927706,-68614.99417817473,-243163.98437633144,,,
10,2,mut,0.25,,-60726.5623038888,-69323.06677468901,-241060.55993015613,,,
10,0,mut,1.0,,-60913.49588717986,-68729.99510411348,-244580.9176952854,-300217.4801030564,603506.5708942689,299.0
10,1,mut,1.0,,-60401.12227065018,-68627.67693882737,-242812.4569689422,,,
10,2,mut,1.0,,-60471.787319278454,-69195.30888938719,-239839.50673971415,,,
10,0,mut,2.0,,-60909.244801619425,-68731.27222789712,-244486.43622211006,-300098.2094723102,603268.0296327765,299.0
10,1,mut,2.0,,-60380.98656473147,-68625.36842811674,-242727.4693461849,,,
10,2,mut,2.0,,-60451.90930207925,-69233.46121168323,-239691.349690477,,,
10,0,unit,0.0,,-60899.637084662325,-68733.39915193948,-244404.28810193873,-300050.48594102776,603172.5825702116,299.0
10,1,unit,0.0,,-60358.81749826607,-68626.72822747489,-242677.70597663432,,,
10,2,unit,0.0,,-60446.65275324182,-69233.59764988684,-239646.9700083738,,,
