method,sep,frac,seed,n_leaves,leaf_acc,anc_acc,mean_rmse,changes_ratio,plasticity_corr,iters,Q_rel_err,exit_rate_rel_err,big_rate_rel_err,small_rate_abs_err,pi_tv,q01,q02,q03,q10,q12,q13,q20,q21,q23,q30,q31,q32
tHMM-ctmc,1.0,1.0,0,10000,0.9795999999999999,0.9808617234468937,0.027270961615375046,0.9951087544293691,0.9649621495934767,22.0,0.07664727059797574,0.18733855779712,0.060664940039500764,0.0043874694274854,0.11266081722436815,0.1445375521547187,0.018782793528942833,0.0045559645547484495,0.044327844999028754,0.09704141138164331,0.003125852708287384,5.8623646717042736e-05,0.026413912537048796,0.07494284360108247,0.014102302944692674,0.012069582742651104,0.005962808365813665
tHMM-discrete,1.0,1.0,0,10000,0.9763000000000002,0.9758517034068136,0.027026620619816,0.983395909690599,0.966151095076841,15.0,,,,,,,,,,,,,,,,,
parsimony-kmeans,1.0,1.0,0,10000,0.8658999999999999,0.9463927855711425,,1.7724867724867726,0.34673830368765934,,,,,,,,,,,,,,,,,,
parsimony-oracle,1.0,1.0,0,10000,1.0,0.9760521042084168,,0.9327286470143613,0.973506532583945,,,,,,,,,,,,,,,,,,
tHMM-ctmc,1.0,1.0,1,10000,0.9732,0.9825651302605211,0.020917196061156128,1.0136257423945678,0.9888896574640077,15.0,0.09175905034607441,0.07458725438132263,0.07071651967401751,0.0021091892474675196,0.021159374748742257,0.14977827046311387,0.024089620487236445,0.004619541235603371,0.051822942240053224,0.0929762734519114,0.0037692712431265803,0.0034705371570587645,0.012440206177647867,0.06602465827987636,0.006214368244598624,0.004268135321751953,0.009862783616906377
tHMM-discrete,1.0,1.0,1,10000,0.968,0.9756513026052105,0.021702621665402006,1.007230669718419,0.9874659015052503,11.0,,,,,,,,,,,,,,,,,
parsimony-kmeans,1.0,1.0,1,10000,0.9197000000000001,0.9559118236472945,,1.4741100323624596,0.9393404814288803,,,,,,,,,,,,,,,,,,
parsimony-oracle,1.0,1.0,1,10000,1.0,0.975250501002004,,0.9457928802588996,0.9907798194301086,,,,,,,,,,,,,,,,,,
tHMM-ctmc,1.0,1.0,2,10000,0.9700999999999999,0.9746492985971942,0.029165619315235126,1.0031711068201994,0.9613172238632921,20.0,0.07808369261553864,0.04805719617891546,0.0676785000205031,0.004445661397534076,0.05621789700125286,0.15106628308700387,0.02531333825435199,0.004434166919527554,0.054956848945367266,0.09641573514189855,0.002732653935400046,0.0038600319505459513,0.026621538949929174,0.09029006549442346,0.0023035212888797025,0.014858917577617824,0.0028981295072731234
tHMM-discrete,1.0,1.0,2,10000,0.9669000000000001,0.9705410821643286,0.029132015397396124,0.9898800975752179,0.9396708969537713,13.0,,,,,,,,,,,,,,,,,
parsimony-kmeans,1.0,1.0,2,10000,0.8738999999999999,0.939879759519038,,1.6697841726618705,0.6920872516827042,,,,,,,,,,,,,,,,,,
parsimony-oracle,1.0,1.0,2,10000,1.0,0.9705410821643286,,0.923021582733813,0.9450960862895056,,,,,,,,,,,,,,,,,,
tHMM-ctmc,1.0,1.0,3,10000,0.9894000000000001,0.9821643286573145,0.02592810285810201,0.997763722839509,0.9497050405356138,15.0,0.10426316080934821,0.1893960278176779,0.08062616804705791,0.005018998439901839,0.07769936155394797,0.14032893914220876,0.02399062351198652,0.003379621115059897,0.05524265477782615,0.1093212414264626,0.006353214405121581,0.007550453332694883,0.009687921933131949,0.07520276613478871,0.0048258068711112346,0.020098279139341813,0.004947232950627005
tHMM-discrete,1.0,1.0,3,10000,0.9884999999999999,0.981062124248497,0.026417533335916316,0.9909865478815862,0.9399023819613139,11.0,,,,,,,,,,,,,,,,,
parsimony-kmeans,1.0,1.0,3,10000,0.9675999999999998,0.968937875751503,,1.1271676300578035,0.8371307145901804,,,,,,,,,,,,,,,,,,
parsimony-oracle,1.0,1.0,3,10000,1.0,0.9745490981963927,,0.9364161849710982,0.9779849809263707,,,,,,,,,,,,,,,,,,
tHMM-ctmc,1.0,1.0,4,10000,0.9911,0.9837675350701403,0.032519788311975655,1.0102943775495379,0.9850283748267799,14.0,0.08339313708225081,0.2364339048698439,0.08488385560596762,0.002878172312536296,0.035233164995664104,0.15646939067390578,0.02065522826500509,0.0035535913090348663,0.05853822870443381,0.10642230111097915,0.001793498347548227,0.0038105921043592524,0.020602891211336228,0.08491348528528249,0.001990867886804081,0.0020521230327712903,3.206829553323055e-05
tHMM-discrete,1.0,1.0,4,10000,0.99,0.9777555110220438,0.03230732917328664,1.0003144387851868,0.9776767790266596,10.0,,,,,,,,,,,,,,,,,
parsimony-kmeans,1.0,1.0,4,10000,0.968,0.9711422845691382,,1.124113475177305,0.9377732018131583,,,,,,,,,,,,,,,,,,
parsimony-oracle,1.0,1.0,4,10000,1.0,0.9750501002004007,,0.9276595744680851,0.9839615075351457,,,,,,,,,,,,,,,,,,
tHMM-ctmc,1.0,0.5,0,4912,0.975677588798718,0.9685534955091244,0.03335884075998768,0.9983432809492507,0.9436742625127045,23.0,0.08787380900260497,0.0649199845806541,0.07648218634794762,0.0034218748190854194,0.07185326846242504,0.1467067652465252,0.019164978132936574,0.01282932658108954,0.04997794078124313,0.08667462286004116,0.010210718121982246,0.005996093359790599,0.014175419388295904,0.06797768869915471,0.006199927995373704,0.001915893144602108,0.012395223160281852
tHMM-discrete,1.0,0.5,0,4912,0.971443301494886,0.9525585589318902,0.033300201711863486,0.9843714863561132,0.918328694038689,13.0,,,,,,,,,,,,,,,,,
parsimony-kmeans,1.0,0.5,0,4912,0.8947073842059444,0.9412616755342429,,1.3677639046538026,0.7008758627670453,,,,,,,,,,,,,,,,,,
parsimony-oracle,1.0,0.5,0,4912,1.0,0.9550846756392397,,0.9171396140749148,0.9556335519894886,,,,,,,,,,,,,,,,,,
tHMM-ctmc,1.0,0.5,1,4991,0.9654354358641738,0.9735091257955648,0.037606531301540215,0.9867571894274247,0.9555257615291118,19.0,0.11531843624308459,0.20538650507337672,0.13340535684698715,0.0025046988038285875,0.22781617565543036,0.13615644324381165,0.02492547001524474,0.0063455658566447725,0.04306520428119074,0.09226931895555962,0.00638748574033608,0.004999532675414177,0.022421036462455045,0.09802626593542166,0.0011557584094588696,0.0016051414058628896,0.007281535153316002
tHMM-discrete,1.0,0.5,1,4991,0.9606266176977185,0.966088832536224,0.037274269217513575,0.9701924183411467,0.9486510212915982,10.0,,,,,,,,,,,,,,,,,
parsimony-kmeans,1.0,0.5,1,4991,0.9149988697369291,0.9436319171935684,,1.2813953488372094,0.9144223425361641,,,,,,,,,,,,,,,,,,
parsimony-oracle,1.0,0.5,1,4991,1.0,0.9647975917120419,,0.9174418604651163,0.974712884607713,,,,,,,,,,,,,,,,,,
tHMM-ctmc,1.0,0.5,2,4969,0.9601171710208393,0.9639713613161612,0.03938620142249347,1.0219930098549013,0.9697104757619378,24.0,0.06267414457125031,0.035077120209262125,0.08850894864302661,0.002968203678264756,0.017569479154584917,0.1556483794054681,0.022232153847335547,0.005729635958637632,0.0589307672417527,0.0901201864649483,0.0056454512524564465,0.005848466404181128,0.022507267239855716,0.07688268386532683,3.100475136522956e-05,0.002446449819662489,0.0192601092946793
tHMM-discrete,1.0,0.5,2,4969,0.9542090566852055,0.9441857008204749,0.04097611786909688,0.9968129801692049,0.9839870572184872,15.0,,,,,,,,,,,,,,,,,
parsimony-kmeans,1.0,0.5,2,4969,0.8710096085209681,0.9149295878244568,,1.4369034994697774,0.6815813999619695,,,,,,,,,,,,,,,,,,
parsimony-oracle,1.0,0.5,2,4969,1.0,0.9455655693570788,,0.911983032873807,0.972962713884736,,,,,,,,,,,,,,,,,,
tHMM-ctmc,1.0,0.5,3,5083,0.9860452131360706,0.9714082864858445,0.035561365283663576,1.0034467796480397,0.9885590885698672,20.0,0.06130694583650004,0.13062698991030922,0.042759623388675616,0.003612295160354906,0.049469368296276,0.15101602681049334,0.019605881258505195,0.002212759455416999,0.050375543350983494,0.1031585723794379,0.0035614686013612715,0.008358283314581431,0.008630689453456618,0.09001347125365586,0.0018741781548797622,0.004146385404591934,0.004428559703530402
tHMM-discrete,1.0,0.5,3,5083,0.9864153037693777,0.9715842328335172,0.03610261349423583,0.9798742055107066,0.9853050297238481,13.0,,,,,,,,,,,,,,,,,
parsimony-kmeans,1.0,0.5,3,5083,0.9706316076254208,0.9499090378616917,,1.0306681270536693,0.9779775448777682,,,,,,,,,,,,,,,,,,
parsimony-oracle,1.0,0.5,3,5083,1.0,0.9531841533285247,,0.9090909090909091,0.9879774966661098,,,,,,,,,,,,,,,,,,
tHMM-ctmc,1.0,0.5,4,4969,0.9901882663756825,0.9789704722820296,0.044852173859343154,1.00185217939587,0.9154618141147133,16.0,0.08012156690023516,0.10499565320412252,0.09179717055055472,0.0028804212680575286,0.09474457459576471,0.14056484424901367,0.023730979401085,0.006161097101133356,0.044577675754989984,0.09133076409448777,0.002107017540217427,0.0023435017993632566,0.014693799160891198,0.088731903992559,0.005876619028846975,5.240821608949819e-05,0.008528598670043725
tHMM-discrete,1.0,0.5,4,4969,0.9901639084986009,0.9696493896545437,0.04464259580505772,0.9933796662784258,0.9252649172294518,16.0,,,,,,,,,,,,,,,,,
parsimony-kmeans,1.0,0.5,4,4969,0.965670502839725,0.9433863077206853,,1.0752565564424172,0.830631762579888,,,,,,,,,,,,,,,,,,
parsimony-oracle,1.0,0.5,4,4969,1.0,0.9542226560235768,,0.9144811858608894,0.9202555539100199,,,,,,,,,,,,,,,,,,
tHMM-ctmc,1.0,0.25,0,2470,0.9648653143110298,0.9449155978903558,0.0592284915485013,1.0050626219645176,0.9441779264728676,44.0,0.15308932059734273,0.337541127738202,0.15466723489933523,0.004274232445704235,0.02902104387335138,0.16345046749959938,0.020969208723551184,0.008747006381364105,0.0669121358435842,0.10808928775524822,0.008220363042230318,4.644446200255436e-05,0.016744018407194427,0.07121091505259902,0.00014343127763941234,0.0016426187956191103,0.00016620563905621924
tHMM-discrete,1.0,0.25,0,2470,0.9623561800823799,0.9299310901041034,0.061145030146043264,1.0045469317956943,0.9371532577612011,34.0,,,,,,,,,,,,,,,,,
parsimony-kmeans,1.0,0.25,0,2470,0.8876278291898749,0.8848494949128135,,1.153731343283582,0.7675466720099954,,,,,,,,,,,,,,,,,,
parsimony-oracle,1.0,0.25,0,2470,1.0,0.9074987580341297,,0.8835820895522388,0.9316362828549893,,,,,,,,,,,,,,,,,,
tHMM-ctmc,1.0,0.25,1,2399,0.9562677125820926,0.9383815925976859,0.051039025844328956,1.0091634864407724,0.8315008050857641,27.0,0.13492988386093754,0.3011324501470145,0.1626096667632099,0.004625468588092083,0.03987386390899311,0.15183737838657202,0.013896371122680004,0.004659231486543071,0.04249761114575574,0.11624746366072257,0.0022242314534523452,0.002604541215321009,0.014035541889562136,0.10605336512935322,3.404929082757294e-05,2.7623340031058343e-05,0.000514661496846147
tHMM-discrete,1.0,0.25,1,2399,0.9477873944609033,0.9260280585484086,0.04946355247654032,0.9747200541120234,0.7719511533505835,19.0,,,,,,,,,,,,,,,,,
parsimony-kmeans,1.0,0.25,1,2399,0.9103861411295064,0.8766159295585367,,1.137391304347826,0.755835598373703,,,,,,,,,,,,,,,,,,
parsimony-oracle,1.0,0.25,1,2399,1.0,0.9056038302558556,,0.8626086956521739,0.857094942877925,,,,,,,,,,,,,,,,,,
tHMM-ctmc,1.0,0.25,2,2525,0.9514991900521628,0.9601994708458721,0.055669193195457184,0.9893541470995165,0.8624211015498797,24.0,0.19098465062321088,0.5699548352222474,0.09229791372508811,0.007552356257616967,0.07433226927095557,0.12563259476806352,0.014436466231074524,0.008417976084953673,0.04507612019629479,0.10143162296057281,0.00722856613200906,0.004949330541355923,0.009875437393454862,0.07248412311939118,0.014892509034063264,0.013769673505518486,0.030371359470276558
tHMM-discrete,1.0,0.25,2,2525,0.948552731609477,0.9502003804029149,0.056232650499430076,0.9608306247263197,0.8532056951865078,15.0,,,,,,,,,,,,,,,,,
parsimony-kmeans,1.0,0.25,2,2525,0.8791761407256315,0.9225211200813301,,1.2877959927140255,0.7063862989564562,,,,,,,,,,,,,,,,,,
parsimony-oracle,1.0,0.25,2,2525,1.0,0.9434859203684265,,0.9052823315118397,0.9263711301759349,,,,,,,,,,,,,,,,,,
tHMM-ctmc,1.0,0.25,3,2538,0.9849912082849508,0.9461215326562133,0.05269098521589603,0.9675424693654355,0.9568294436051736,19.0,0.09853561423451791,0.15984139263836825,0.08134080467798135,0.0038777181864165793,0.11206123025301858,0.13354793976025725,0.020592102289656508,0.00302338971939999,0.05300180313585472,0.08986207033319588,0.005413601141124141,0.0009721820844282136,0.023590613862415358,0.07565860338171962,1.7235138789864225e-05,0.010724892907096339,0.00028665776634164054
tHMM-discrete,1.0,0.25,3,2538,0.9862480588933143,0.9336046347626537,0.052426001225885276,0.9651261141556786,0.9582026482461034,15.0,,,,,,,,,,,,,,,,,
parsimony-kmeans,1.0,0.25,3,2538,0.9710427838596939,0.9145929220764708,,0.9486301369863014,0.9236895362063855,,,,,,,,,,,,,,,,,,
parsimony-oracle,1.0,0.25,3,2538,1.0,0.9160711951544996,,0.8681506849315068,0.9304184467394481,,,,,,,,,,,,,,,,,,
tHMM-ctmc,1.0,0.25,4,2534,0.9855530458130559,0.9675704859439433,0.052797939767783804,1.001063395460158,0.8918992457238021,20.0,0.1191983116985778,0.12540043474412918,0.12149781217250463,0.005939878678585576,0.10403828300631808,0.14022581189235517,0.015192639929295293,0.004994345615463983,0.05424807112899225,0.10864023031902134,0.004838437919841382,3.2479595890451436e-05,0.034251503366491125,0.06004269849048042,0.009936345661381782,0.014071245370045485,0.0006821619087426786
tHMM-discrete,1.0,0.25,4,2534,0.9842926433366695,0.9461446381023901,0.05243679337084702,0.9878865163372458,0.8023910352567253,14.0,,,,,,,,,,,,,,,,,
parsimony-kmeans,1.0,0.25,4,2534,0.9695053886603132,0.9363275663735934,,0.9883720930232558,0.7894341394047902,,,,,,,,,,,,,,,,,,
parsimony-oracle,1.0,0.25,4,2534,1.0,0.9430307499621534,,0.8953488372093024,0.7965441209561843,,,,,,,,,,,,,,,,,,
tHMM-ctmc,1.0,0.1,0,1058,0.9537928404011545,0.9355098498568376,0.06911798396516794,1.0131342181373424,0.943795170227788,50.0,0.23297490620185532,0.7231779327979548,0.11376267425969488,0.011640696610134275,0.0707878010582845,0.15787786552119587,0.020757699399707976,9.499904510805199e-06,0.054720729298590474,0.11022891723409645,0.004008101904617394,0.0005467211762089832,0.0021089973204912473,0.0964662268201093,0.02880239787079386,0.00023791636881240067,0.045476712285213196
tHMM-discrete,1.0,0.1,0,1058,0.9561488772335925,0.8595729023944919,0.06824457689138974,1.019248296480808,0.8845579417433679,54.0,,,,,,,,,,,,,,,,,
parsimony-kmeans,1.0,0.1,0,1058,0.9198351071994836,0.8592679489371147,,0.9970760233918129,0.6018268953218584,,,,,,,,,,,,,,,,,,
parsimony-oracle,1.0,0.1,0,1058,1.0,0.8868836042870093,,0.8450292397660819,0.879535142095998,,,,,,,,,,,,,,,,,,
tHMM-ctmc,1.0,0.1,1,957,0.9394498333797114,0.9113903288352316,0.07881894641474563,0.9210383380636152,0.8699278951341071,22.0,0.20032877513281208,0.169111124864666,0.23687797865548937,0.010707803677205273,0.06586588476702546,0.12711423750449577,0.0308226103102622,0.0101598345482809,0.02396479153133552,0.0887773624458684,0.011236485587063093,0.00012070688286812037,0.052915652480306864,0.06703923042101412,3.610231973247103e-05,7.244214574992117e-05,0.02575709784007963
tHMM-discrete,1.0,0.1,1,957,0.9401555092792571,0.8623414792256346,0.07801499354381448,0.9263454509734518,0.89306287213007,20.0,,,,,,,,,,,,,,,,,
parsimony-kmeans,1.0,0.1,1,957,0.895804363329505,0.8286113737751236,,0.9596273291925466,0.8430451917143524,,,,,,,,,,,,,,,,,,
parsimony-oracle,1.0,0.1,1,957,1.0,0.8638403458239476,,0.8167701863354038,0.8968497560813873,,,,,,,,,,,,,,,,,,
tHMM-ctmc,1.0,0.1,2,1029,0.945995081581246,0.939392279998914,0.07119499513643511,0.9709628199318268,0.8954135583072378,49.0,0.16366919576252498,0.27148017902065713,0.17013695198793422,0.006497130646104986,0.10843413476978973,0.1380988887475357,0.021842088316048745,0.008954728010930509,0.031340065648555765,0.10745820456604713,0.0037714084233665215,0.0014408467226302427,0.0012847512821752163,0.06772589331365714,0.020765724292874963,7.948229587350436e-05,0.011990993273031152
tHMM-discrete,1.0,0.1,2,1029,0.946284383925169,0.7734143971626353,0.0718651530485137,1.0723059981084784,0.8636991152332679,19.0,,,,,,,,,,,,,,,,,
parsimony-kmeans,1.0,0.1,2,1029,0.8930916347643736,0.8558975924748682,,1.05625,0.7524888764126606,,,,,,,,,,,,,,,,,,
parsimony-oracle,1.0,0.1,2,1029,1.0,0.8892451633640748,,0.8625,0.9493886788861248,,,,,,,,,,,,,,,,,,
tHMM-ctmc,1.0,0.1,3,1079,0.9902350384598284,0.9282329802778893,0.05363699207369255,0.9435091157344001,0.9470907141494267,25.0,0.09226823771084619,0.0702712223117248,0.13252631918715374,0.004248142175453865,0.24432548366988802,0.1517211962670199,0.03160975767987165,0.00235901787849225,0.06107263749601054,0.08984488835210427,0.0035263610836619385,0.005466612781693811,0.013894981146513458,0.09565014148554514,0.009633947039076217,0.0023731844266969174,0.005571635561646197
tHMM-discrete,1.0,0.1,3,1079,0.990264204209333,0.9015054405846268,0.05404072221228289,0.9665380584893636,0.9353627227941465,15.0,,,,,,,,,,,,,,,,,
parsimony-kmeans,1.0,0.1,3,1079,0.9744513589548129,0.8806743604091961,,0.8628048780487805,0.9493399883466921,,,,,,,,,,,,,,,,,,
parsimony-oracle,1.0,0.1,3,1079,1.0,0.8870813418855606,,0.823170731707317,0.9441973572150597,,,,,,,,,,,,,,,,,,
tHMM-ctmc,1.0,0.1,4,993,0.9801931532391721,0.936473805207544,0.058691952257305884,0.9606290415541223,0.9196790343854749,20.0,0.19336925190843254,0.32833033407971535,0.14306758549332682,0.006237319241671412,0.16905536749762348,0.11520782748925862,0.01468851558341919,0.009388444702885395,0.0528149353675926,0.07745735570297203,0.00841382527892705,5.163394233034101e-05,0.032255728767950624,0.07531221000696801,3.4683680640771914e-05,5.581893727616943e-05,0.0003287926727252938
tHMM-discrete,1.0,0.1,4,993,0.9782848881359634,0.8934329401867211,0.059270504498144964,0.9321245267494017,0.8680832402793278,24.0,,,,,,,,,,,,,,,,,
parsimony-kmeans,1.0,0.1,4,993,0.9728258948201705,0.8665511580123537,,0.8692579505300353,0.8457447885854827,,,,,,,,,,,,,,,,,,
parsimony-oracle,1.0,0.1,4,993,1.0,0.8737512495874451,,0.8303886925795053,0.9060833916085875,,,,,,,,,,,,,,,,,,
tHMM-ctmc,0.5,1.0,0,10000,0.8936999999999999,0.9387775551102203,0.027064163639275718,0.984556648635528,0.8890553109630852,75.0,0.08845239743108964,0.13018191500820928,0.07375170885712426,0.005030651595750888,0.1149671595276371,0.1461313521496057,0.01865868179946631,0.0038470258013578716,0.04885424039638211,0.09182050229990635,0.002133557395085031,1.5520540321571763e-05,0.03364639967657847,0.06683954554512742,0.0021825201046800705,0.009498112414806442,0.0010619936844669458
tHMM-discrete,0.5,1.0,0,10000,0.8875,0.927054108216433,0.030215927802188482,0.9940165690407753,0.8514626664059387,115.0,,,,,,,,,,,,,,,,,
parsimony-kmeans,0.5,1.0,0,10000,0.6253000000000001,0.8267535070140279,,3.0634920634920637,0.34374286318753006,,,,,,,,,,,,,,,,,,
parsimony-oracle,0.5,1.0,0,10000,1.0,0.9760521042084168,,0.9327286470143613,0.973506532583945,,,,,,,,,,,,,,,,,,
tHMM-ctmc,0.5,1.0,1,10000,0.8866000000000002,0.9311623246492987,0.02233050543508476,1.0271765147663245,0.9722921068600556,25.0,0.1179597928000813,0.16871004969642503,0.14538743619790287,0.0013155680672869395,0.025513884883525222,0.14956429514294525,0.020524258151215603,0.004630730849450385,0.062106928457297046,0.09703366056374782,0.0043630593193892085,0.005054511641324086,0.020324189030421085,0.05545255342111063,0.005425734658375838,0.001171712085518838,0.005638646688682663
tHMM-discrete,0.5,1.0,1,10000,0.8747,0.9210420841683368,0.025311563834748092,1.0296690262146586,0.9695262696718427,22.0,,,,,,,,,,,,,,,,,
parsimony-kmeans,0.5,1.0,1,10000,0.6373,0.8241482965931863,,3.1723300970873787,0.9046516799645422,,,,,,,,,,,,,,,,,,
parsimony-oracle,0.5,1.0,1,10000,1.0,0.975250501002004,,0.9457928802588996,0.9907798194301086,,,,,,,,,,,,,,,,,,
tHMM-ctmc,0.5,1.0,2,10000,0.8723000000000001,0.9234468937875752,0.033669899627512816,1.0083546747281678,0.9037750927003055,43.0,0.09154946656664693,0.07838508325243554,0.057925570177311925,0.005560670404110913,0.06475169001362513,0.15813033326824544,0.02403274843314019,0.001782303439227092,0.04530818245595857,0.09782413540325144,0.006620213031941099,0.004183320635035312,0.03336315516671656,0.08495240496581044,0.00032625535374586226,0.015098303339976832,0.0033371773108791126
tHMM-discrete,0.5,1.0,2,10000,0.8588999999999999,0.9111222444889778,0.035300452173031745,1.0044999354359492,0.884684927529941,34.0,,,,,,,,,,,,,,,,,
parsimony-kmeans,0.5,1.0,2,10000,0.5809999999999998,0.7381763527054108,,3.0712230215827336,0.747009365393899,,,,,,,,,,,,,,,,,,
parsimony-oracle,0.5,1.0,2,10000,1.0,0.9705410821643286,,0.923021582733813,0.9450960862895056,,,,,,,,,,,,,,,,,,
tHMM-ctmc,0.5,1.0,3,10000,0.9321999999999999,0.9589178356713427,0.028662993555660692,0.9894244507937737,0.8403982982272725,33.0,0.08145234324315005,0.08106482287514633,0.057765116503105424,0.004406016595828368,0.0771365172353825,0.13769855335789483,0.025775298272659806,0.0015582395369238401,0.05115824816966505,0.10959176582731806,0.005608926695420378,0.002033939257998269,0.023263154166263844,0.07760254399478086,0.000826356802750167,0.01633659492327798,0.006317305693322784
tHMM-discrete,0.5,1.0,3,10000,0.9201,0.9503006012024049,0.02929356239301035,0.9773411328577488,0.8148593056145483,19.0,,,,,,,,,,,,,,,,,
parsimony-kmeans,0.5,1.0,3,10000,0.7311,0.873246492985972,,2.4544797687861273,0.24119712821891742,,,,,,,,,,,,,,,,,,
parsimony-oracle,0.5,1.0,3,10000,1.0,0.9745490981963927,,0.9364161849710982,0.9779849809263707,,,,,,,,,,,,,,,,,,
tHMM-ctmc,0.5,1.0,4,10000,0.9232000000000001,0.9531062124248496,0.03528458330948652,1.0043764288730366,0.9544330290951021,32.0,0.08967767578673493,0.2541171790033333,0.08488817341389787,0.003945646360583586,0.027589574581743864,0.15934940026673453,0.016818138925993275,0.0077012797994308844,0.056981343430873174,0.09984615515143061,0.0010087482864075666,0.002108586954021689,0.018847471587460956,0.09088464331526966,8.674846837687634e-05,0.0021516189150033982,0.00011479577749843594
tHMM-discrete,0.5,1.0,4,10000,0.9137000000000001,0.9439879759519038,0.03476358373182147,1.0027113003886428,0.9461255620331438,22.0,,,,,,,,,,,,,,,,,
parsimony-kmeans,0.5,1.0,4,10000,0.7051000000000001,0.8706412825651302,,2.5829787234042554,0.7635599486895974,,,,,,,,,,,,,,,,,,
parsimony-oracle,0.5,1.0,4,10000,1.0,0.9750501002004007,,0.9276595744680851,0.9839615075351457,,,,,,,,,,,,,,,,,,
tHMM-ctmc,0.5,0.5,0,4912,0.8690927886676064,0.9263756659568712,0.04048739081510899,0.9830870826639875,0.710812573488758,58.0,0.16919490707944512,0.22280029889535644,0.14900260016388528,0.008478755206421284,0.0710726149293839,0.14312605311295248,0.012094450648597594,0.0217104545283304,0.04366127262114196,0.07423930888655592,0.013792763437759169,0.018373699898873237,0.021978153341434437,0.09326421034908981,0.01070417613141409,3.79663810458391e-05,0.018403211343202372
tHMM-discrete,0.5,0.5,0,4912,0.8596466502746498,0.8967914252295147,0.04216717138602794,0.9431486969817574,0.5527266317191752,33.0,,,,,,,,,,,,,,,,,
parsimony-kmeans,0.5,0.5,0,4912,0.6238631028428591,0.7880931819183284,,2.3916004540295117,0.22087226541385552,,,,,,,,,,,,,,,,,,
parsimony-oracle,0.5,0.5,0,4912,1.0,0.9550846756392397,,0.9171396140749148,0.9556335519894886,,,,,,,,,,,,,,,,,,
tHMM-ctmc,0.5,0.5,1,4991,0.8574551609283632,0.9181571830954164,0.0417590350711488,1.0384306701178627,0.9175953769064493,30.0,0.13707165665869042,0.26162608181354435,0.08975229304523169,0.005710425755583177,0.1908083338612685,0.14071807031963213,0.02850241258829688,0.006108857635317433,0.04855675521604293,0.09310021520737087,0.009838403529826435,0.008003227812983403,0.03318310696534977,0.09594135178984331,2.953698250409181e-05,0.005363359522920284,0.00028642502752470076
tHMM-discrete,0.5,0.5,1,4991,0.8469351902869701,0.9040485415602753,0.04276312105106271,0.9452354045574384,0.8879371930601048,24.0,,,,,,,,,,,,,,,,,
parsimony-kmeans,0.5,0.5,1,4991,0.628061404462297,0.7901066039887634,,2.4069767441860463,0.8538227240003508,,,,,,,,,,,,,,,,,,
parsimony-oracle,0.5,0.5,1,4991,1.0,0.9647975917120419,,0.9174418604651163,0.974712884607713,,,,,,,,,,,,,,,,,,
tHMM-ctmc,0.5,0.5,2,4969,0.8224196138847899,0.8864820546057344,0.047113738095202806,0.9780087208520353,0.8556609187168991,120.0,0.18129169775038306,0.47514285133149203,0.11677278219416012,0.007623440797183671,0.016508961473899245,0.1343645704910759,0.023573117298115953,0.007494081640825711,0.05500167582562766,0.09059081403087059,0.006070528488578534,2.8229173894032725e-05,0.014230474613996643,0.09349836446773059,0.0014268395836352428,0.005405109650582587,0.049130232670892504
tHMM-discrete,0.5,0.5,2,4969,0.8049433476063902,0.8647706571261817,0.04892470953327467,0.9407528878187886,0.7868181186144002,38.0,,,,,,,,,,,,,,,,,
parsimony-kmeans,0.5,0.5,2,4969,0.5732566339510452,0.6980389275687041,,2.3679745493107105,0.7599014468201132,,,,,,,,,,,,,,,,,,
parsimony-oracle,0.5,0.5,2,4969,1.0,0.9455655693570788,,0.911983032873807,0.972962713884736,,,,,,,,,,,,,,,,,,
tHMM-ctmc,0.5,0.5,3,5083,0.912790040092804,0.9450565803875648,0.037069574093652385,1.0066158263309886,0.9576556098951019,33.0,0.07561532764743731,0.15133657484580607,0.08084173107697656,0.0036706442148529564,0.04946682384895654,0.14920354767088853,0.019313437307973615,0.0019892993374372374,0.04556411095454169,0.10821631495045776,0.004840340436146984,0.011807940745709622,0.011058539475292338,0.09177410493600688,1.1029048924764976e-05,0.005234484320299413,0.005464625741410446
tHMM-discrete,0.5,0.5,3,5083,0.905558166483015,0.9361228794254028,0.04021682070886964,0.9579709311858411,0.9484249384310193,28.0,,,,,,,,,,,,,,,,,
parsimony-kmeans,0.5,0.5,3,5083,0.7465991448750777,0.8369755387206274,,1.9058050383351588,0.7358878683156574,,,,,,,,,,,,,,,,,,
parsimony-oracle,0.5,0.5,3,5083,1.0,0.9531841533285247,,0.9090909090909091,0.9879774966661098,,,,,,,,,,,,,,,,,,
tHMM-ctmc,0.5,0.5,4,4969,0.9104913515468878,0.9423843613909803,0.048315552538222374,1.0020747364182567,0.8747545682156067,42.0,0.07655850291975988,0.19570411797135678,0.07571814674955307,0.0030741744563094445,0.04253991157385367,0.1384911229786223,0.020741139842420982,0.006132216116520927,0.05508009605429807,0.09539536757531988,0.00021270871915281752,0.0032797213389090776,0.017410949486728017,0.0862798795885012,0.0037715694371911325,0.00010345946450453038,0.0025015518619807796
tHMM-discrete,0.5,0.5,4,4969,0.9017750446397619,0.9186608903691272,0.0476487475210956,0.9715325189834368,0.7947899914821875,29.0,,,,,,,,,,,,,,,,,
parsimony-kmeans,0.5,0.5,4,4969,0.7207849333054641,0.8523273695993205,,2.1003420752565565,0.6269635611657789,,,,,,,,,,,,,,,,,,
parsimony-oracle,0.5,0.5,4,4969,1.0,0.9542226560235768,,0.9144811858608894,0.9202555539100199,,,,,,,,,,,,,,,,,,
tHMM-ctmc,0.5,0.25,0,2470,0.8046232401171961,0.866113193833533,0.1393144946049314,1.0513990474018065,0.7464230437722968,159.0,1.4673954507385296,5.14111840806845,0.31566990873147555,0.05463199236611232,0.162734629100739,0.15657101757199712,0.01901251603292217,0.013954870560765971,0.07130179475904787,0.11511390936924765,0.018540225640124017,3.9563547157706534e-05,4.505120607250099e-05,0.028664171020867657,0.23505802945133597,0.13173210184163667,0.04186784222118831
tHMM-discrete,0.5,0.25,0,2470,0.79285694069065,0.7617669984801716,0.10716509068760426,1.0153599088945224,0.7243923314592879,178.0,,,,,,,,,,,,,,,,,
parsimony-kmeans,0.5,0.25,0,2470,0.5713285477083415,0.6830998950845811,,1.7,0.1897766369504573,,,,,,,,,,,,,,,,,,
parsimony-oracle,0.5,0.25,0,2470,1.0,0.9074987580341297,,0.8835820895522388,0.9316362828549893,,,,,,,,,,,,,,,,,,
tHMM-ctmc,0.5,0.25,1,2399,0.814036827521757,0.871557772450813,0.0540210409953173,1.0081952966896908,0.7531211869315768,55.0,0.12102774693902364,0.1338681832878923,0.11583311787072104,0.0035032065156404197,0.06641312453976976,0.15094096965269113,0.016252906846360896,0.004154886051664147,0.04405214686000126,0.12781548045242694,0.003000569367832257,0.004187582762179763,0.012005101031006778,0.07520420214874407,0.0005490369343665811,0.0005688825948522524,0.013744617713386028
tHMM-discrete,0.5,0.25,1,2399,0.8081999115243095,0.8397220362813907,0.0548570204053977,0.9194467996096682,0.6507697760777367,31.0,,,,,,,,,,,,,,,,,
parsimony-kmeans,0.5,0.25,1,2399,0.6076311419568817,0.6579926849734438,,1.9078260869565218,0.6025083410029438,,,,,,,,,,,,,,,,,,
parsimony-oracle,0.5,0.25,1,2399,1.0,0.9056038302558556,,0.8626086956521739,0.857094942877925,,,,,,,,,,,,,,,,,,
tHMM-ctmc,0.5,0.25,2,2525,0.8024110317677401,0.8822191610910867,0.0652058218563806,1.0194189289024513,0.7377903497537983,83.0,0.25818051212265014,0.8187472812793268,0.15782712736688786,0.011662810866669614,0.06777495614429879,0.13771547202049303,0.019275141252290347,0.007819046397799517,0.039085913711317526,0.09303843965568794,0.017326755156231565,0.008029088371798686,0.002469245599726962,0.05907885383567456,0.01300865935685965,0.021769653077700832,0.04209367142498397
tHMM-discrete,0.5,0.25,2,2525,0.7975667945416006,0.875460799686255,0.06822767039517355,0.9102199745936671,0.7113317977374302,44.0,,,,,,,,,,,,,,,,,
parsimony-kmeans,0.5,0.25,2,2525,0.5871613920951054,0.7049547154145935,,2.0163934426229506,0.5765629495564154,,,,,,,,,,,,,,,,,,
parsimony-oracle,0.5,0.25,2,2525,1.0,0.9434859203684265,,0.9052823315118397,0.9263711301759349,,,,,,,,,,,,,,,,,,
tHMM-ctmc,0.5,0.25,3,2538,0.9059412941339107,0.9232067662409872,0.05798771720765607,0.9992908668370587,0.9489253527698853,37.0,0.08778272408074597,0.057081675691977696,0.04848296448101916,0.006636269663595244,0.11149050059241306,0.14124758762509212,0.01627082832613685,0.005710902064197458,0.049337628588029286,0.09482161109316659,0.008025269868314281,3.7052154862350696e-05,0.028411926586370487,0.07435591001731127,2.0916417565988054e-05,0.022344923505335196,7.406781689028294e-05
tHMM-discrete,0.5,0.25,3,2538,0.8886164790586782,0.8735370913950409,0.05735869334596286,0.9917083186293354,0.9379069464606813,24.0,,,,,,,,,,,,,,,,,
parsimony-kmeans,0.5,0.25,3,2538,0.7636378915492833,0.841217650591774,,1.5462328767123288,0.7980642772500912,,,,,,,,,,,,,,,,,,
parsimony-oracle,0.5,0.25,3,2538,1.0,0.9160711951544996,,0.8681506849315068,0.9304184467394481,,,,,,,,,,,,,,,,,,
tHMM-ctmc,0.5,0.25,4,2534,0.880589291348208,0.9243542125901213,0.06143129748997349,1.005304167961715,0.7882658316487858,104.0,0.11322740140556892,0.22751365676918162,0.06184347097446238,0.006040257876808307,0.068189981378237,0.14116304214428474,0.014595770857902106,0.005631157331158087,0.04869531484499783,0.10883937103490562,0.008952320062351611,0.0002488831993987431,0.01878286014292124,0.07408212655381481,0.007567947825135877,0.02506482282685995,0.00026667083081697885
tHMM-discrete,0.5,0.25,4,2534,0.8662405114271945,0.886300556127134,0.05350907912900765,0.9509144753625101,0.6661056344509999,39.0,,,,,,,,,,,,,,,,,
parsimony-kmeans,0.5,0.25,4,2534,0.7089280272833796,0.7798762398873005,,1.717607973421927,0.5089776719788348,,,,,,,,,,,,,,,,,,
parsimony-oracle,0.5,0.25,4,2534,1.0,0.9430307499621534,,0.8953488372093024,0.7965441209561843,,,,,,,,,,,,,,,,,,
tHMM-ctmc,0.5,0.1,0,1058,0.7705119287870618,0.8435685823293385,0.09997817486183619,1.1475835418201883,0.24263272980940337,96.0,2.4619081991652867,7.62658977058892,0.4683733629596538,0.0778964144754442,0.0698390314862467,0.1668494152444082,0.02110290106482411,0.00046068892388444925,0.047618731873492165,0.1077557771147959,0.0014107991252381453,0.013463756804678791,0.00013096069837800254,0.21087847065582227,0.03684386072020566,0.0289942046647038,0.5397690412966418
tHMM-discrete,0.5,0.1,0,1058,0.6419694263492337,0.5199964631447622,0.24242676957421386,1.3154705507761277,0.6119570508417226,110.0,,,,,,,,,,,,,,,,,
parsimony-kmeans,0.5,0.1,0,1058,0.6103972477739875,0.6742404310314452,,1.4883040935672514,0.1557667739809048,,,,,,,,,,,,,,,,,,
parsimony-oracle,0.5,0.1,0,1058,1.0,0.8868836042870093,,0.8450292397660819,0.879535142095998,,,,,,,,,,,,,,,,,,
tHMM-ctmc,0.5,0.1,1,957,0.7028367553743405,0.773100407192446,0.10589051564547074,0.9024350518512781,0.4319500326920389,67.0,0.4181744385623143,0.2660141826809247,0.3776597706447761,0.016425783038665286,0.11197795776823798,0.12133342742572059,0.04245756102052756,0.008337115396309555,0.024238492582131323,0.03739944985145093,0.020091578779209144,0.0001432101510494866,0.08842785815241871,0.06573656408738314,0.00010016189130677026,0.00022879125065243959,0.017564314253866037
tHMM-discrete,0.5,0.1,1,957,0.6595308848383066,0.742511911776192,0.1339541007923043,0.7456181308225884,0.495045487154053,52.0,,,,,,,,,,,,,,,,,
parsimony-kmeans,0.5,0.1,1,957,0.5790148984657908,0.6582177203762409,,1.4161490683229814,0.5390025004822978,,,,,,,,,,,,,,,,,,
parsimony-oracle,0.5,0.1,1,957,1.0,0.8638403458239476,,0.8167701863354038,0.8968497560813873,,,,,,,,,,,,,,,,,,
tHMM-ctmc,0.5,0.1,2,1029,0.7420850181882066,0.8239040675172861,0.10497668106698911,0.9650304944092101,0.6000039740490447,75.0,0.38010548019794804,0.459877063689482,0.29867598700548237,0.010607709201992197,0.10911014668603876,0.12377645390471542,0.03489982342614063,0.011928134169404385,0.050637252727454535,0.10500419709009566,0.03667845645173971,0.010132061872753196,0.01601000972775106,0.00343253744506784,0.024669403318275576,0.003104026648223134,0.009332169246401735
tHMM-discrete,0.5,0.1,2,1029,0.7168360367270704,0.6218071058786604,0.0978495198019034,0.9602026856804222,0.6683296736797558,67.0,,,,,,,,,,,,,,,,,
parsimony-kmeans,0.5,0.1,2,1029,0.5456298868240254,0.5344347292329258,,1.496875,0.3037933633431617,,,,,,,,,,,,,,,,,,
parsimony-oracle,0.5,0.1,2,1029,1.0,0.8892451633640748,,0.8625,0.9493886788861248,,,,,,,,,,,,,,,,,,
tHMM-ctmc,0.5,0.1,3,1079,0.8989005150938991,0.9084838955622117,0.055465590346491477,0.9685122287914241,0.8926989490464166,39.0,0.12202426700827938,0.11397771204654294,0.15691094723985458,0.0035476044355606724,0.25377934141191527,0.15607474351904188,0.024291712214874535,0.006075389385980552,0.07153870521128863,0.0999486864601335,0.00622100642262824,0.002227114825568218,0.021947069116633872,0.09246866073664277,0.01422865724415238,0.005639117809622757,0.0027950018838387384
tHMM-discrete,0.5,0.1,3,1079,0.8845814164135094,0.8777058856106713,0.06158318521688407,0.9488054039018956,0.8823341673743591,20.0,,,,,,,,,,,,,,,,,
parsimony-kmeans,0.5,0.1,3,1079,0.77496979394099,0.8131800006237228,,1.2317073170731707,0.8613844300738295,,,,,,,,,,,,,,,,,,
parsimony-oracle,0.5,0.1,3,1079,1.0,0.8870813418855606,,0.823170731707317,0.9441973572150597,,,,,,,,,,,,,,,,,,
tHMM-ctmc,0.5,0.1,4,993,0.8482566196699981,0.8929106861501838,0.07376015522137076,0.8841946902802256,0.8948229067365276,39.0,0.2789851275910724,0.38903085046828834,0.2717991716526853,0.005238978622158899,0.2587576365196037,0.09608340888152286,0.012021706049997645,0.007697234453393555,0.06823332570404614,0.0774722466517455,0.001336109793955564,9.049504731244127e-05,0.017075010362617882,0.06897530413940592,3.543465729525408e-05,0.00012494891371154466,0.0001017006512320373
tHMM-discrete,0.5,0.1,4,993,0.8449310899020095,0.8474036494388819,0.07257001327075457,0.8131599199778817,0.8264062523450336,31.0,,,,,,,,,,,,,,,,,
parsimony-kmeans,0.5,0.1,4,993,0.7320151568714443,0.7763966938221356,,1.353356890459364,0.47650636456018347,,,,,,,,,,,,,,,,,,
parsimony-oracle,0.5,0.1,4,993,1.0,0.8737512495874451,,0.8303886925795053,0.9060833916085875,,,,,,,,,,,,,,,,,,
