leiden,name,n_cells,exit_rate,thmm_stay_prob,fitch_stay_prob,published_scPlasticity,root_posterior,stationary,net_outflow_jumps,stay_lo,stay_hi,exit_rate_lo,exit_rate_hi,root_lo,root_hi,stay_rank_median
0,Endoderm-like,476,0.3811981394541146,0.7489095189543125,0.7192982456140351,0.2925386065208618,0.0009822314773366,0.0057258485444557,-63.10856736113965,0.23712497220216613,0.7764022841832798,0.28607214255205904,2.364450292108087,5.307361542507627e-09,0.10469312197509029,7.0
1,Mesenchymal-2,8953,0.0200246937376611,0.9898741747132036,0.9883272767316374,0.0086902817246412,1.607794342841078e-06,0.0002212054569299,77.2418199489316,0.10610900079230243,0.9898951400942303,0.01998221746647613,0.878138879957243,1.444580277161603e-06,0.3606467068383123,3.0
2,Mesenchymal-1,5527,0.0043140425676735,0.9974340143905136,0.9949433304272014,0.0022125129637983,0.0476176048427281,0.0009904508856369,-70.74808648050937,0.10427956393317463,0.9974340263115006,0.004312069732261748,0.8873649030433777,0.02659545589830781,0.21071718940475567,1.0
3,Gastric-like,2747,0.3063170927006874,0.8091216013107277,0.7844611528822055,0.2763730348445457,0.026912658965507,0.078775698962893,297.5406433914329,0.5034444338605863,0.8723104877192477,0.18542491440963463,0.9532618706842635,0.00012618320826939151,0.23546561663517582,5.0
4,AT2-like,3884,0.0437994214890174,0.9153769896660556,0.8894490457328051,0.1152851731352183,0.4673809039900731,0.6729993628342414,33.69726467602959,0.8839479055795366,0.942965448434696,0.021448463759417242,0.09336565087084987,0.041598487360267944,0.6992230648168251,3.0
5,High plasticity,1465,0.6069110700234017,0.5803414339026265,0.5931800158604282,0.2504142174670855,0.0212180928695698,0.0531194440738875,-427.35920151722166,0.4274129188655374,0.6530716869705364,0.3837768801579809,1.1411565595260837,0.0001949376548798178,0.06464648454819244,9.0
7,Early EMT-1,1010,0.3173291436813739,0.8041737025366862,0.8462633451957295,0.1894882024819766,0.0822067919438857,0.0155806783830013,112.20609747459838,0.5665919399623345,0.907373264276065,0.21314520733419803,0.5159412261510006,7.994459558480572e-05,0.26813525634429125,5.0
8,Early gastric,1717,0.4014334281377704,0.7354096026809631,0.735207100591716,0.2893924500992587,0.2055566208015801,0.0096995949036688,663.9300753016175,0.39210376597929203,0.7462755982476319,0.2537010572751611,1.631281240698548,0.00024665161913839167,0.33834214787712347,7.0
9,Pre-EMT,165,1.0702821091539625,0.4269139474878089,0.75,0.1555899246208989,0.068931783510153,0.0037375696203486,-44.68004429643099,0.001692478146725007,0.5032092774212589,0.8689317782996635,9.507998763567533,8.808481384723637e-05,0.1093317521800905,12.0
10,Lung progenitor-like,880,0.0241130802661849,0.9750230898317565,0.9278096800656276,0.1577551474430397,1.339742055895246e-05,0.0562293408982815,-29.916355440239933,0.5483503705017986,0.998164180321817,0.0018978393480308404,0.3441051984193962,4.935968890219964e-08,0.0538917774745703,3.0
12,Late Gastric,675,0.2282401198669378,0.8157801652350525,0.7551330798479088,0.2266387135169911,0.0002098163611091,0.0059042711066228,128.9382747878489,0.28026716499216764,0.8306383585928857,0.17365414383248295,0.4679588543294384,1.544852360508022e-09,0.3129101647401122,6.0
13,Early EMT-2,32,1.2700276782346824,0.2666400554874334,0.7142857142857143,0.19662195653148,0.0629705418429352,0.0006660408426083,13.58831975801715,0.003704081627963142,0.5441923898872629,0.23245898481621827,8.125830460798657,0.0016030404561579543,0.242902283886602,12.5
14,AT1-like,1408,0.3415447619403619,0.4736465542783793,0.7947761194029851,0.2063795839860826,0.01599794818022,0.0963504934874237,-691.3302402429342,0.2806937317789121,0.5715668798152577,0.22964495241701305,1.274779154402187,0.005124635689077206,0.1695179025150919,11.0
