leiden,name,n_cells,exit_rate,thmm_stay_prob,fitch_stay_prob,published_scPlasticity,root_posterior,stationary,net_outflow_jumps
0,Endoderm-like,476,2.369529713590103,0.6825092835492673,0.7192982456140351,0.29253860652086183,1.288324429702992e-05,0.00928856772319976,-2.214396470166321
1,Mesenchymal-2,8953,0.09259290014031292,0.990004147094953,0.9883272767316374,0.008690281724641242,9.434963298968477e-05,9.556557675052822e-05,77.25090050424996
2,Mesenchymal-1,5527,0.012211772082665643,0.9976401191383326,0.9949433304272014,0.0022125129637983387,0.04752571280339682,0.0007010794114584481,-71.31841424843815
3,Gastric-like,2747,1.8331382262435236,0.7858931746600907,0.7844611528822055,0.27637303484454573,0.006942424808620194,0.10992269059646743,208.83324880241616
4,AT2-like,3884,0.03156607333563252,0.9290241099669264,0.8894490457328051,0.11528517313521837,0.6075910016597587,0.5978153012708898,194.35439463584117
5,High plasticity,1465,3.4803934219587735,0.5534750267885854,0.5931800158604282,0.2504142174670855,0.00703690233552353,0.06049574182733551,-362.3287475072311
7,Early EMT-1,1010,1.590715894965446,0.7944073265943883,0.8462633451957295,0.18948820248197668,0.07152237193005659,0.025870698328454934,79.90252162842921
8,Early gastric,1717,2.9862377807096987,0.6842529660775327,0.735207100591716,0.28939245009925874,0.0588544475830024,0.05061220484302111,506.23482424806343
9,Pre-EMT,165,5.607851342398749,0.40952263982035936,0.75,0.15558992462089893,0.052942620594251553,0.0060059998564774885,-47.502944348176015
10,Lung progenitor-like,880,0.03641113174380003,0.9763177504951854,0.9278096800656276,0.15775514744303973,2.9242204327416354e-05,0.055015520571913334,-25.08611004578941
12,Late Gastric,675,1.4124232508056296,0.7682283890367712,0.7551330798479088,0.2266387135169911,8.917733100672652e-06,0.015157945699985161,15.410271631824116
13,Early EMT-2,32,11.73115570274996,0.14860327477914562,0.7142857142857143,0.19662195653148007,0.08843619941845407,0.000656184016735517,46.806534229236206
14,AT1-like,1408,2.3734299399914236,0.516392821988611,0.7947761194029851,0.20637958398608264,0.059002926052221474,0.06836250027731099,-620.342083060259
