,0,1,2,3,4,5,7,8,9,10,12,13,14
0,0.0,6.372324342718492e-08,9.713412954704464e-07,6.6530027665593705,4.1677723972316745,69.41280533546265,0.03145137354114981,0.8601745564951884,0.006992322749508368,0.05372399221478722,87.99007158941305,0.001598833915739636,2.2927227796843592
1,2.6184714929166115e-05,0.0,85.46297219380915,7.585588465027556e-07,7.581652389183308e-08,0.0003251468086328857,5.844857745025534,9.738828221745263e-09,0.16542690408738428,0.4819074715553403,9.106644285831332e-09,0.0010433200714362763,9.033162378163442e-08
2,1.5560560048011263e-05,14.714330180999305,0.0,9.799341090323474e-09,6.945925045207987e-10,1.8541458005517583e-05,0.0004693572184283864,1.3799536491694775e-10,2.925962664680293e-07,8.509760835817846e-05,2.0323304729032947e-09,3.67847631266761e-08,5.877510345368723e-09
3,4.024639781703874,1.0728153159475833e-06,6.734284103975648e-06,0.0,32.02273861728859,575.6431859285691,42.760272693008915,7.3664721534378,5.571159732355894,3.487818524035026,0.4878532477457761,0.47355928945757025,101.39039457156616
4,2.4317244651904,7.368578080546312e-08,3.0562617828244607e-06,22.973231296681227,0.0,115.84030474138957,1.060620696931694,4.890813595029609,0.19859249343776458,22.39681005041576,0.2165108242779232,0.01006033106726827,402.38149410358915
5,16.284565611381257,5.241513469539667e-07,2.7211172938842677e-06,364.27476088399646,54.852531426448486,0.0,12.633731671359376,53.50863799649444,1.2619584913192516,14.633110385690026,1.0406838535593381,0.16569957443752603,58.28993712961293
7,0.27707942358252613,0.0003905564415135906,9.437614500028046e-06,30.09879103413956,5.242406758643755,40.622870139395346,0.0,0.4271750545586472,164.25541348876257,3.3264709413399345,0.023117227584941717,32.98593281327557,3.978865451051352
8,3.841799434280909,2.495466650744563e-08,1.6430665215408437e-06,4.552821995552402,29.06947530201157,106.2089520691084,0.10401870411372911,0.0,0.021821356052803036,7.727724870686591,0.1511735968576397,0.004145066781188276,591.7004737465137
9,0.0947975987722638,1.2799350528805022e-05,5.0892405105844605e-06,14.501483682889788,2.0219354666300338,14.596956289471121,86.20679451445872,0.16566454971746195,0.0,6.91809444175769,0.009683507508266014,2.9363777455850544,1.0227987166583785
10,0.02390912980637599,9.895144131186353e-07,1.2212972482893941e-06,3.4897606943468436,12.2899674295792,14.19874698726623,0.038512663832525156,0.05754814829821364,0.008999948819568506,0.0,0.0017123592366265975,0.00029535603694499923,0.4445454832989684
12,205.74551500094063,9.696369928625171e-08,6.275171546883781e-07,2.635157793886193,0.20414461738152467,9.90125912273626,0.0064777517469932445,0.19136757812092176,0.0023805524573609067,0.004726651828073541,0.0,0.0004640278918020277,0.2981269802692674
13,1.1824828619112389,3.5217932485498226e-06,3.9888981907967104e-07,14.379188626629523,0.9508691802019467,11.295104413099947,19.952074315800854,0.10752167702357257,1.5662816255167973,0.13090102762216524,0.022154031177746836,0.0,0.5864893496619313
14,0.6723292906262905,5.629971980412995e-08,1.4718359923850448e-06,12.12925941179339,397.88105977999714,46.58429307202435,0.3931433647531253,11.87695718930947,0.09562149031784317,1.3089823968222447,0.10838576539103224,0.005574876007185103,0.0
