,0,3,4,5,7,8,9,10,12,13,14
0,0.0,7.181227938886856,4.424708910622154,71.30608410275457,0.04194968501829936,0.9677735414153239,0.008318298059597213,0.06216995511209923,74.84214208897609,0.002245274896464945,2.464521778133494
3,4.247191643657722,0.0,32.44084607610779,575.7921575092488,42.324874494160966,7.362344537162893,5.437795519408376,3.4320650458606137,0.44913360920851714,0.7567634126809195,102.22505063710757
4,3.140077528799653,23.12585821569985,0.0,115.24490254463291,1.0703270303105032,4.982286477189283,0.19145322071187562,22.413050852535033,0.24122928852116862,0.009076619766060516,401.33540470963015
5,16.952376077511836,370.9333081748819,54.67644351883084,0.0,12.64982926898705,53.0519407270386,1.2703595670100438,14.321491546222447,0.9348783866056625,0.2532524523920959,55.5165238808527
7,0.3291818256168209,29.396635863948184,4.686883115704922,34.959248916841304,0.0,0.39804128977814,163.61021164537183,3.438938065472128,0.019567453839721378,36.25239383197685,2.471843000194307
8,3.8854974077694306,4.509732423517818,28.439189275475275,105.49402260536021,0.10097602241107696,0.0,0.020673294478947068,7.719064345503524,0.13167359622541305,0.003675583659648667,591.7248398074242
9,0.1157463524847912,13.028530095896395,1.7964658997573444,13.773452577146502,85.07067481341775,0.14166429792982985,0.0,7.179768606815626,0.007923141759284541,3.8146550307361418,0.8471848295880535
10,0.026824953264480814,3.565111749348271,12.42134758351762,14.307873378507846,0.038163610337785106,0.05793680701773626,0.008876022937625327,0.0,0.0017280360799848105,0.0004044612737310318,0.42931887945907576
12,202.07358804967822,2.6961861290896665,0.18987454680308924,9.93579396140121,0.00690268024940945,0.17473561954602518,0.0024298908558971727,0.004718436954562709,0.0,0.0004295600749029822,0.2723810274969175
13,1.0184755982536797,15.791184632918906,1.1472791038379138,21.458941285732013,39.966460673776076,0.15935201717669065,2.1729159240235463,0.15047051953633916,0.01822201968706022,0.0,1.5246252778918492
14,0.7002638350941833,12.02313701664656,394.8401958979583,45.70105322965451,0.390641977773305,12.415035290219583,0.09103705757962313,1.2745888094570654,0.0956776522969756,0.005141865515979083,0.0
