tumor,n_cells,n_edges,n_clusters,fitch_changes,fitch_plasticity,thmm_changes,thmm_plasticity,thmm_jumps,path_autocorr_leiden,path_autocorr_z_leiden,path_autocorr_thmm,published_mean_scPlasticity,cell_spearman_vs_published
3430_NT_T2,502,641,4,48,0.0748829953198128,31.77141657578204,0.04956539247391894,47.70000314596503,0.008236228719144442,6.039748163390079,0.007964947062443922,0.07210215414957862,-0.09057476494599682
3432_NT_T1,219,355,6,86,0.24225352112676057,66.05187626713297,0.1860616232876985,106.40763858209525,0.10966428215135356,24.65355406744032,0.19012682383019947,0.23482823540233014,0.7114202414783081
3432_NT_T2,196,294,6,71,0.24149659863945577,56.24725722707078,0.1913172014526217,80.63262582732895,0.11417602954893143,23.783519419233873,0.157757367787943,0.24251616347783578,0.6560007720022585
3433_NT_T2,327,417,6,146,0.3501199040767386,92.91760597537213,0.22282399514477727,124.66362230207275,0.030279669808902003,9.94760141810501,0.06899242755059586,0.279334560530666,0.37579514930319224
3434_NT_T2,1103,1562,5,366,0.23431498079385404,72.91481759583638,0.046680420996054024,115.42315841785098,0.007061926992934453,15.101117748645624,0.03551332225095007,0.18559919817458384,0.01632593951997569
3434_NT_T3,2220,2688,3,695,0.2585565476190476,898.085297421052,0.3341091136239033,2005.2587168558587,0.0005346996401901756,3.247276721845305,0.0008294420865433689,0.18281316496814853,0.2155972462923535
3435_NT_T1,1069,1829,4,212,0.11591033351558229,267.82008176009737,0.14642978773105378,349.51517414004724,0.07149819588018567,114.64692541084038,0.06986574036086363,0.11283396391171881,0.3692954973903566
3435_NT_T3,316,578,4,79,0.13667820069204153,105.41675255919971,0.18238192484290608,151.67631221131765,0.013744786038700916,7.44761668431199,0.029600613179458692,0.13783076096852143,0.5740482356615256
3435_NT_T4,272,402,3,31,0.07711442786069651,39.70743666154416,0.09877471806354268,58.52808187315373,0.0027370681606747505,2.5350750977635665,0.07425487249776148,0.07552029526510093,-0.25341594591967526
3435_NT_T6,168,283,4,29,0.10247349823321555,39.129496994847564,0.13826677383338362,51.007431529807846,0.009869623435229015,3.026562142481424,0.09898817680867023,0.09658270906188489,0.5044971989323344
3513_NT_T2,2053,2693,4,329,0.12216858522094319,505.8187322020904,0.18782723067288912,875.9317390221752,0.013945027872155841,29.52369263242612,0.01494343375067912,0.09632015926093254,0.24160779670128335
3513_NT_T3,1435,1782,5,540,0.30303030303030304,488.66826303121604,0.2742246144956319,706.5776466805705,0.04039735001696451,37.04850556282406,0.03816916398044888,0.28500866882729725,0.08488671818165383
3513_NT_T4,594,816,5,271,0.3321078431372549,193.0390807542773,0.23656750092435944,367.9334643949892,0.03097684660967981,16.717879854265348,0.062342519067231206,0.2856110572553209,-0.2491611952873142
3513_NT_T5,342,518,5,150,0.28957528957528955,113.34729841353396,0.2188171784045057,172.53571110750642,0.03260614721173709,15.953804269700129,0.07579329544143365,0.26264714581399473,0.49870695172715446
3520_NT_T1,148,281,4,30,0.10676156583629894,51.403190166997504,0.1829295023736566,72.55595831940335,0.03705425172983887,7.110870964981587,0.05051541875023136,0.11786291073108833,0.8110856973964158
3703_NT_T2,105,187,6,52,0.27807486631016043,55.107552245061925,0.29469279275434185,79.85997467496334,-0.001166397188233491,0.9937389396213173,0.027414942122473984,0.27939135732938875,0.06908142279016619
3724_NT_T1,14480,14816,2,135,0.009111771058315335,4525.260020928178,0.305430616963295,5401.081055521876,0.4913541354696226,3325.3634863329744,0.27227218061445724,0.006219142931050459,0.7660720807009403
3726_NT_T1,747,1041,7,252,0.2420749279538905,97.4413710086962,0.09360362248673985,202.0826023680341,0.0647544098635241,35.814169643571994,0.1485422329816427,0.21019387506063708,0.433398859547515
3726_NT_T2,813,1485,2,56,0.03771043771043771,152.17827500252784,0.10247695286365512,251.14234308224817,0.00038347238614448427,1.9536089525427087,0.016452868896528465,0.04127830126763985,0.49744178071626266
3730_NT_T1,1192,1873,4,96,0.05125467164975974,198.57191654388149,0.10601810813875145,323.9140147286077,0.24490431943570973,298.85670611507044,0.20276607445774833,0.04372314663987591,0.3749250024456015
3730_NT_T2,638,993,5,214,0.21550855991943604,177.59127982456425,0.17884318209925906,324.1194532362041,0.1845497985628088,100.25233241120321,0.23313242227729386,0.18046041594534612,0.7004254269316111
