taxon	type
n123	1
n185	2
n186	1
n130	0
n66	1
n175	0
n176	0
n159	0
n160	0
n137	0
n33	0
n34	1
n149	0
n150	0
n47	0
n96	2
n100	2
n99	2
n197	2
n198	2
n177	0
n178	1
n191	1
n192	1
n139	2
n181	0
n182	0
n131	2
n106	1
n127	2
n121	2
n122	2
n135	2
n136	2
n143	2
n144	2
n195	1
n196	1
n147	1
n148	1
n45	2
n46	1
n37	2
n165	2
n110	1
n171	3
n172	3
n69	1
n71	1
n193	2
n194	2
n187	1
n188	1
n102	0
n103	1
n104	1
n53	2
n85	1
n86	1
n88	0
n125	0
n73	0
n151	3
n152	3
n77	2
n78	1
n120	1
n133	0
n134	1
n141	1
n142	1
n183	0
n184	0
n117	1
n118	1
n60	1
n91	1
n92	0
n161	1
n157	0
n158	0
n167	0
n168	0
n63	2
n113	0
n179	1
n180	1
n108	1
n163	0
n164	0
n84	0
n89	1
n90	1
n153	1
n154	1
n155	0
n156	1
n170	0
n189	1
n190	1
